"State","Item","Model","MAE","RMSE","Type"
"California","Meat","ARIMA",0.816734714283907,1.04656086981404,"Food"
"California","Meat","ETS",0.822349689787765,1.0465057125671,"Food"
"California","Pastries","ARIMA",0.650712311937053,0.841672831324875,"Food"
"California","Pastries","ETS",0.643344193843121,0.823022632408615,"Food"
"California","Fish","ARIMA",0.469943576388959,0.602165327461838,"Food"
"California","Fish","ETS",0.470044603273333,0.602195304631826,"Food"
"California","Vegetables","ARIMA",0.423177083333333,0.55862865324133,"Food"
"California","Vegetables","ETS",0.423323367000983,0.558656419925208,"Food"
"California","Dairy","ARIMA",0.297208635812032,0.453672540835545,"Food"
"California","Dairy","ETS",0.310051795298569,0.458858985201984,"Food"
"California","Seafood","ARIMA",0.306910959784816,0.431848414307936,"Food"
"California","Seafood","ETS",0.332235848607838,0.451167584602133,"Food"
"California","Fruits","ARIMA",0.244628906250049,0.376407947190722,"Food"
"California","Fruits","ETS",0.244710283238181,0.376426690935586,"Food"
"California","Mixed","ARIMA",0.301104343456527,0.522464988666989,"Food"
"California","Mixed","ETS",0.301472380636577,0.522444975673395,"Food"
"California","Pasta","ARIMA",0.17929385734725,0.311687674960949,"Food"
"California","Pasta","ETS",0.187797517103079,0.322091576464024,"Food"
"California","Salads","ARIMA",0.169196908135557,0.331814487069654,"Food"
"California","Salads","ETS",0.185861467196813,0.337340720045079,"Food"
"California","Potatoes","ARIMA",0.195237426011116,0.33618140884929,"Food"
"California","Potatoes","ETS",0.183367606251132,0.331029293980074,"Food"
"California","Eggs","ARIMA",0.0976615917183704,0.206988223036969,"Food"
"California","Eggs","ETS",0.102741825790129,0.211426421481591,"Food"
"California","Beverages","ARIMA",0.0987413194444443,0.222195093830224,"Food"
"California","Beverages","ETS",0.102646158712299,0.222181499252101,"Food"
"Colorado","Meat","ARIMA",0.365234374999989,0.478260011802042,"Food"
"Colorado","Meat","ETS",0.365304058711994,0.47828389784674,"Food"
"Colorado","Pastries","ARIMA",0.226106138477238,0.362279169216709,"Food"
"Colorado","Pastries","ETS",0.247110782563791,0.365822787541612,"Food"
"Colorado","Fish","ARIMA",0.107478905922966,0.231776167165245,"Food"
"Colorado","Fish","ETS",0.108141791981322,0.232410635702581,"Food"
"Colorado","Vegetables","ARIMA",0.172926247555268,0.311078391851766,"Food"
"Colorado","Vegetables","ETS",0.175950827555944,0.316686108448054,"Food"
"Colorado","Dairy","ARIMA",0.162326388888888,0.301858752725877,"Food"
"Colorado","Dairy","ETS",0.162138157300741,0.301873704875011,"Food"
"Colorado","Seafood","ARIMA",0.116952677769046,0.237479014647233,"Food"
"Colorado","Seafood","ETS",0.117237617721584,0.242073534353958,"Food"
"Colorado","Fruits","ARIMA",0.0893554687500459,0.211371082163573,"Food"
"Colorado","Fruits","ETS",0.08936000718063,0.211381639370883,"Food"
"Colorado","Mixed","ARIMA",0.0104166666666667,0.102062072615966,"Food"
"Colorado","Mixed","ETS",0.020599214146295,0.101534178407743,"Food"
"Colorado","Pasta","ARIMA",0.0407026154728521,0.142797934033366,"Food"
"Colorado","Pasta","ETS",0.0408913315958561,0.142833248113774,"Food"
"Colorado","Salads","ARIMA",0.0506319772241413,0.162365462648589,"Food"
"Colorado","Salads","ETS",0.042252743814191,0.147257056903066,"Food"
"Colorado","Potatoes","ARIMA",0.0410156250000036,0.175544786941174,"Food"
"Colorado","Potatoes","ETS",0.0409920484972169,0.17555356006885,"Food"
"Colorado","Eggs","ARIMA",0.0104166666666667,0.102062072615966,"Food"
"Colorado","Eggs","ETS",0.0212510988285247,0.101535766215183,"Food"
"Colorado","Beverages","ARIMA",0.00520833333333333,0.0721687836487032,"Food"
"Colorado","Beverages","ETS",0.0108815403188868,0.071986207993536,"Food"
"Florida","Meat","ARIMA",0.790529256763415,1.08783398681236,"Food"
"Florida","Meat","ETS",0.771030741030165,1.08973941743483,"Food"
"Florida","Pastries","ARIMA",0.635801961090186,0.80386814574986,"Food"
"Florida","Pastries","ETS",0.640037722749603,0.80672867752601,"Food"
"Florida","Fish","ARIMA",0.661290154204961,0.825658132279478,"Food"
"Florida","Fish","ETS",0.692409798645267,0.847577409031243,"Food"
"Florida","Vegetables","ARIMA",0.24169921875,0.347634304082609,"Food"
"Florida","Vegetables","ETS",0.219559108549873,0.322181799503098,"Food"
"Florida","Dairy","ARIMA",0.161400108903435,0.293687538559974,"Food"
"Florida","Dairy","ETS",0.15869870199703,0.301272405080894,"Food"
"Florida","Seafood","ARIMA",0.455863624688365,0.688512244682636,"Food"
"Florida","Seafood","ETS",0.479337586258806,0.711749638729144,"Food"
"Florida","Fruits","ARIMA",0.194504735437506,0.369661179786381,"Food"
"Florida","Fruits","ETS",0.198339950860924,0.372951245496981,"Food"
"Florida","Mixed","ARIMA",0.394560767296796,0.575227694888974,"Food"
"Florida","Mixed","ETS",0.405031552045682,0.575714010571079,"Food"
"Florida","Pasta","ARIMA",0.16164252698718,0.280897095432478,"Food"
"Florida","Pasta","ETS",0.140321376355905,0.280773738405534,"Food"
"Florida","Salads","ARIMA",0.167538487191558,0.289457928678758,"Food"
"Florida","Salads","ETS",0.153337197263932,0.294643075259443,"Food"
"Florida","Potatoes","ARIMA",0.178195516316571,0.332822122356818,"Food"
"Florida","Potatoes","ETS",0.192913654575087,0.345151528580261,"Food"
"Florida","Eggs","ARIMA",0.0407026154725654,0.142797934033365,"Food"
"Florida","Eggs","ETS",0.0408918012152344,0.142833225993858,"Food"
"Florida","Beverages","ARIMA",0.0407986111111111,0.142826137508355,"Food"
"Florida","Beverages","ETS",0.0425570727830434,0.142844390576161,"Food"
"Florida","Rice","ARIMA",0.00520833333333333,0.0721687836487032,"Food"
"Florida","Rice","ETS",0.0103596448481309,0.0719841922134634,"Food"
"Guam","Meat","ARIMA",0.0104166666666667,0.102062072615966,"Food"
"Guam","Meat","ETS",0.0146161800397234,0.093376873013492,"Food"
"Guam","Fish","ARIMA",0.0410156250000492,0.175544786941174,"Food"
"Guam","Fish","ETS",0.0411154806899845,0.175553516833556,"Food"
"Guam","Seafood","ARIMA",0.0104166666666667,0.102062072615966,"Food"
"Guam","Seafood","ETS",0.0206671802450773,0.101534161366498,"Food"
"Hawaii","Meat","ARIMA",0.155350860849726,0.309102335058704,"Food"
"Hawaii","Meat","ETS",0.173138533948083,0.315218650737388,"Food"
"Hawaii","Pastries","ARIMA",0.0104166666666667,0.102062072615966,"Food"
"Hawaii","Pastries","ETS",0.0205686835947182,0.10153416828216,"Food"
"Hawaii","Fish","ARIMA",0.815597831919629,1.1452429800068,"Food"
"Hawaii","Fish","ETS",0.83537965819523,1.15403767657108,"Food"
"Hawaii","Vegetables","ARIMA",0.0104166666666667,0.102062072615966,"Food"
"Hawaii","Vegetables","ETS",0.0191879811579556,0.101545255878873,"Food"
"Hawaii","Dairy","ARIMA",0.0240605122919057,0.112274680546124,"Food"
"Hawaii","Dairy","ETS",0.0273539475867231,0.101401974188618,"Food"
"Hawaii","Seafood","ARIMA",0.0494817585636981,0.156477964784936,"Food"
"Hawaii","Seafood","ETS",0.0507835111198076,0.159267135121813,"Food"
"Hawaii","Mixed","ARIMA",0.00520833333333333,0.0721687836487032,"Food"
"Hawaii","Mixed","ETS",0.0103715895013733,0.0719841919628976,"Food"
"Hawaii","Pasta","ARIMA",0.0307617187499805,0.124019592706153,"Food"
"Hawaii","Pasta","ETS",0.0307231975501221,0.124025785004658,"Food"
"Hawaii","Salads","ARIMA",0.00520833333333333,0.0721687836487032,"Food"
"Hawaii","Salads","ETS",0.0103731187637487,0.0719841917928843,"Food"
"Maryland","Meat","ARIMA",0.281500472209791,0.456813091630593,"Food"
"Maryland","Meat","ETS",0.276468298738505,0.46508426785448,"Food"
"Maryland","Pastries","ARIMA",0.166259650459418,0.309451487869006,"Food"
"Maryland","Pastries","ETS",0.188909062443501,0.292041536971956,"Food"
"Maryland","Fish","ARIMA",0.125173618366486,0.26306811547782,"Food"
"Maryland","Fish","ETS",0.129194551384195,0.262961618905351,"Food"
"Maryland","Vegetables","ARIMA",0.0798611111110522,0.199826313471363,"Food"
"Maryland","Vegetables","ETS",0.0786085877736176,0.199840869989237,"Food"
"Maryland","Dairy","ARIMA",0.125811214055483,0.269763051863671,"Food"
"Maryland","Dairy","ETS",0.139334903126967,0.27169680505958,"Food"
"Maryland","Seafood","ARIMA",0.103074646834599,0.23136433876887,"Food"
"Maryland","Seafood","ETS",0.106356086223912,0.231329358308455,"Food"
"Maryland","Fruits","ARIMA",0.0307617187499653,0.124019592706153,"Food"
"Maryland","Fruits","ETS",0.0307702859176907,0.124025790849593,"Food"
"Maryland","Mixed","ARIMA",0.0597959236350455,0.154359834623323,"Food"
"Maryland","Mixed","ETS",0.0508463132504655,0.159267111462431,"Food"
"Maryland","Pasta","ARIMA",0.0396464567681925,0.138441990975043,"Food"
"Maryland","Pasta","ETS",0.0425820917576958,0.142844374011316,"Food"
"Maryland","Salads","ARIMA",0.0407986111111108,0.142826137508355,"Food"
"Maryland","Salads","ETS",0.0407904529656977,0.142833273232807,"Food"
"Maryland","Potatoes","ARIMA",0.0104166666666667,0.102062072615966,"Food"
"Maryland","Potatoes","ETS",0.0206219447584875,0.101534180786648,"Food"
"Maryland","Eggs","ARIMA",0.0104166666666667,0.102062072615966,"Food"
"Maryland","Eggs","ETS",0.0206710892283965,0.101534162715501,"Food"
"Multistate","Meat","ARIMA",0.382492849447612,0.486491952709982,"Food"
"Multistate","Meat","ETS",0.363110634413153,0.476508856045612,"Food"
"Multistate","Pastries","ARIMA",0.079861111111111,0.199826313471363,"Food"
"Multistate","Pastries","ETS",0.0785764792646066,0.19984087256692,"Food"
"Multistate","Fish","ARIMA",0.054543034642927,0.18773992087186,"Food"
"Multistate","Fish","ETS",0.0568863880661797,0.18766089108693,"Food"
"Multistate","Vegetables","ARIMA",0.460937500000023,0.581260267233095,"Food"
"Multistate","Vegetables","ETS",0.460855931156082,0.581289249777871,"Food"
"Multistate","Dairy","ARIMA",0.121022856052016,0.260079185629763,"Food"
"Multistate","Dairy","ETS",0.12127215191135,0.259963467525409,"Food"
"Multistate","Seafood","ARIMA",0.103872040134335,0.245305808224201,"Food"
"Multistate","Seafood","ETS",0.0979659521514765,0.253533417534528,"Food"
"Multistate","Fruits","ARIMA",0.127105036177058,0.300521323117816,"Food"
"Multistate","Fruits","ETS",0.134402195596658,0.311764145994353,"Food"
"Multistate","Mixed","ARIMA",0.0104166666666667,0.102062072615966,"Food"
"Multistate","Mixed","ETS",0.0205829040576841,0.101534172805799,"Food"
"Multistate","Pasta","ARIMA",0.0407986111111331,0.142826137508355,"Food"
"Multistate","Pasta","ETS",0.0425754779942081,0.142844362509061,"Food"
"Multistate","Salads","ARIMA",0.00520833333333333,0.0721687836487032,"Food"
"Multistate","Salads","ETS",0.0103189971953021,0.0719841772165215,"Food"
"Multistate","Potatoes","ARIMA",0.00520833333333333,0.0721687836487032,"Food"
"Multistate","Potatoes","ETS",0.0103802491300784,0.0719841905508913,"Food"
"Multistate","Eggs","ARIMA",0.101863753494479,0.196634528807233,"Food"
"Multistate","Eggs","ETS",0.0989422904611503,0.206639489392279,"Food"
"Multistate","Beverages","ARIMA",0.00520833333333333,0.0721687836487032,"Food"
"Multistate","Beverages","ETS",0.0103448230311778,0.0719841899167323,"Food"
"New York","Meat","ARIMA",0.615017361111073,0.727677049857207,"Food"
"New York","Meat","ETS",0.61504261470056,0.72771336093381,"Food"
"New York","Pastries","ARIMA",0.210959786326685,0.400166335250327,"Food"
"New York","Pastries","ETS",0.229708646948038,0.355063026969447,"Food"
"New York","Fish","ARIMA",0.478515625000067,0.605220883404013,"Food"
"New York","Fish","ETS",0.478376929479861,0.60525092505747,"Food"
"New York","Vegetables","ARIMA",0.170898437500163,0.308832647507783,"Food"
"New York","Vegetables","ETS",0.170787144022257,0.308848027047436,"Food"
"New York","Dairy","ARIMA",0.179361979166668,0.315566551243773,"Food"
"New York","Dairy","ETS",0.179321213699279,0.315582304512368,"Food"
"New York","Seafood","ARIMA",0.14730514486641,0.28743112200563,"Food"
"New York","Seafood","ETS",0.154778025417705,0.295861535380643,"Food"
"New York","Fruits","ARIMA",0.0998263888888429,0.283937774384146,"Food"
"New York","Fruits","ETS",0.0996708484082628,0.283951893577415,"Food"
"New York","Mixed","ARIMA",0.177345586696693,0.404834864539286,"Food"
"New York","Mixed","ETS",0.196517584542561,0.418355756145804,"Food"
"New York","Pasta","ARIMA",0.14738322659212,0.336766395579843,"Food"
"New York","Pasta","ETS",0.147421048790694,0.33719354325229,"Food"
"New York","Salads","ARIMA",0.00520833333333333,0.0721687836487032,"Food"
"New York","Salads","ETS",0.0103906506363709,0.0719841864845679,"Food"
"New York","Potatoes","ARIMA",0.0307617187499883,0.124019592706153,"Food"
"New York","Potatoes","ETS",0.0307522796114937,0.124025790765789,"Food"
"New York","Eggs","ARIMA",0.0407986111111111,0.142826137508355,"Food"
"New York","Eggs","ETS",0.0408390626473618,0.142833265357571,"Food"
"New York","Beverages","ARIMA",0.0307617187499225,0.124019592706153,"Food"
"New York","Beverages","ETS",0.0308173045671473,0.124025772111607,"Food"
"Pennsylvania","Meat","ARIMA",0.449218749999757,0.536433049565989,"Food"
"Pennsylvania","Meat","ETS",0.448615204071405,0.53646163748188,"Food"
"Pennsylvania","Pastries","ARIMA",0.117187499999993,0.242061459137964,"Food"
"Pennsylvania","Pastries","ETS",0.117108993653307,0.242073533725726,"Food"
"Pennsylvania","Fish","ARIMA",0.117187500000001,0.242061459137964,"Food"
"Pennsylvania","Fish","ETS",0.117276324253661,0.242073551719137,"Food"
"Pennsylvania","Vegetables","ARIMA",0.126247829861268,0.25124473114984,"Food"
"Pennsylvania","Vegetables","ETS",0.119246048677662,0.251424242078399,"Food"
"Pennsylvania","Dairy","ARIMA",0.201838094042594,0.352966803332444,"Food"
"Pennsylvania","Dairy","ETS",0.204914540643511,0.352911911482981,"Food"
"Pennsylvania","Seafood","ARIMA",0.0306897642796572,0.124007271634273,"Food"
"Pennsylvania","Seafood","ETS",0.030730662519791,0.124025772595323,"Food"
"Pennsylvania","Fruits","ARIMA",0.0407986111111109,0.142826137508355,"Food"
"Pennsylvania","Fruits","ETS",0.042541021137577,0.142844389636096,"Food"
"Pennsylvania","Mixed","ARIMA",0.0307617187499878,0.124019592706153,"Food"
"Pennsylvania","Mixed","ETS",0.0307934136865372,0.124025787759045,"Food"
"Pennsylvania","Pasta","ARIMA",0.065870288396622,0.179553777363711,"Food"
"Pennsylvania","Pasta","ETS",0.0677581403173941,0.184763948053257,"Food"
"Pennsylvania","Salads","ARIMA",0.040798611111111,0.142826137508355,"Food"
"Pennsylvania","Salads","ETS",0.0425111340324799,0.14284440657497,"Food"
"Pennsylvania","Potatoes","ARIMA",0.0307617187499768,0.124019592706153,"Food"
"Pennsylvania","Potatoes","ETS",0.0307775464502512,0.124025779082204,"Food"
"Pennsylvania","Eggs","ARIMA",0.0798905937125774,0.223753709445597,"Food"
"Pennsylvania","Eggs","ETS",0.0805185272733953,0.224393137315736,"Food"
"Pennsylvania","Beverages","ARIMA",0.00520833333333333,0.0721687836487032,"Food"
"Pennsylvania","Beverages","ETS",0.0103996456231824,0.0719841826933624,"Food"
"Texas","Meat","ARIMA",0.199296868126137,0.323492584408866,"Food"
"Texas","Meat","ETS",0.206315023472619,0.325211542618792,"Food"
"Texas","Pastries","ARIMA",0.0602405172463594,0.173921514360129,"Food"
"Texas","Pastries","ETS",0.0574253388811416,0.16919384845852,"Food"
"Texas","Vegetables","ARIMA",0.0307617187499807,0.124019592706153,"Food"
"Texas","Vegetables","ETS",0.0307166961357777,0.1240257814847,"Food"
"Texas","Dairy","ARIMA",0.00520833333333333,0.0721687836487032,"Food"
"Texas","Dairy","ETS",0.0103822845058496,0.0719841900603283,"Food"
"Texas","Seafood","ARIMA",0.0518224089296976,0.152186944663885,"Food"
"Texas","Seafood","ETS",0.0612586007063412,0.159355962004409,"Food"
"Texas","Fruits","ARIMA",0.0104166666666667,0.102062072615966,"Food"
"Texas","Fruits","ETS",0.0206458787386533,0.101534176907564,"Food"
"Texas","Mixed","ARIMA",0.0307617187499223,0.124019592706153,"Food"
"Texas","Mixed","ETS",0.030841340763791,0.124025755238701,"Food"
"Texas","Potatoes","ARIMA",0.00520833333333333,0.0721687836487032,"Food"
"Texas","Potatoes","ETS",0.010383711834918,0.0719841894863939,"Food"
"Wisconsin","Meat","ARIMA",0.434015141746086,0.551504444099873,"Food"
"Wisconsin","Meat","ETS",0.462347314462074,0.564069192053977,"Food"
"Wisconsin","Pastries","ARIMA",0.283170696708857,0.4235536155258,"Food"
"Wisconsin","Pastries","ETS",0.290432557180285,0.423477425898167,"Food"
"Wisconsin","Fish","ARIMA",0.0506103734891259,0.159218295965119,"Food"
"Wisconsin","Fish","ETS",0.0522014276366352,0.159274467179056,"Food"
"Wisconsin","Vegetables","ARIMA",0.0605468749998716,0.173992636338438,"Food"
"Wisconsin","Vegetables","ETS",0.0604470714571986,0.174001346318884,"Food"
"Wisconsin","Dairy","ARIMA",0.0705997746076941,0.213265093000464,"Food"
"Wisconsin","Dairy","ETS",0.0707263913410336,0.213425219502666,"Food"
"Wisconsin","Seafood","ARIMA",0.0104166666666667,0.102062072615966,"Food"
"Wisconsin","Seafood","ETS",0.0206359150810236,0.101534169241455,"Food"
"Wisconsin","Fruits","ARIMA",0.0506103705836218,0.159218295903749,"Food"
"Wisconsin","Fruits","ETS",0.0506942218950449,0.159267157765858,"Food"
"Wisconsin","Mixed","ARIMA",0.0407986111111111,0.142826137508355,"Food"
"Wisconsin","Mixed","ETS",0.0408351059861011,0.142833265008458,"Food"
"Wisconsin","Pasta","ARIMA",0.0104166666666667,0.102062072615966,"Food"
"Wisconsin","Pasta","ETS",0.0206839376969028,0.10153414480157,"Food"
"Wisconsin","Salads","ARIMA",0.0104166666666667,0.102062072615966,"Food"
"Wisconsin","Salads","ETS",0.0206214359613198,0.101534180251367,"Food"
"Wisconsin","Potatoes","ARIMA",0.0307617187499653,0.124019592706153,"Food"
"Wisconsin","Potatoes","ETS",0.0307608346797645,0.12402579064151,"Food"
"Wisconsin","Eggs","ARIMA",0.0402134601857815,0.130872967300753,"Food"
"Wisconsin","Eggs","ETS",0.0408395341823502,0.1428332701881,"Food"
"Connecticut","Meat","ARIMA",0.154513888888885,0.311804782231162,"Food"
"Connecticut","Meat","ETS",0.154374472428178,0.311820356887469,"Food"
"Connecticut","Pastries","ARIMA",0.145044880968276,0.290507805755976,"Food"
"Connecticut","Pastries","ETS",0.147131883035777,0.290439998889106,"Food"
"Connecticut","Fish","ARIMA",0.049481743973963,0.156477975245953,"Food"
"Connecticut","Fish","ETS",0.0506812027453064,0.159267157282395,"Food"
"Connecticut","Vegetables","ARIMA",0.108018663194593,0.232399078305449,"Food"
"Connecticut","Vegetables","ETS",0.108000313859351,0.232410691664673,"Food"
"Connecticut","Dairy","ARIMA",0.0506103734884197,0.15921829596512,"Food"
"Connecticut","Dairy","ETS",0.0507320868087098,0.159267173133919,"Food"
"Connecticut","Seafood","ARIMA",0.0289524934513555,0.129795271989107,"Food"
"Connecticut","Seafood","ETS",0.0390882425705188,0.140652059360432,"Food"
"Connecticut","Fruits","ARIMA",0.0104166666666667,0.102062072615966,"Food"
"Connecticut","Fruits","ETS",0.020621953824757,0.101534180722699,"Food"
"Connecticut","Mixed","ARIMA",0.0307617187499619,0.124019592706153,"Food"
"Connecticut","Mixed","ETS",0.0307107495261238,0.124025777608152,"Food"
"Connecticut","Pasta","ARIMA",0.0407986111111024,0.142826137508355,"Food"
"Connecticut","Pasta","ETS",0.0394997411763191,0.143600015935441,"Food"
"Connecticut","Salads","ARIMA",0.05337519580213,0.163774292464707,"Food"
"Connecticut","Salads","ETS",0.047597456677263,0.172999011853958,"Food"
"Connecticut","Potatoes","ARIMA",0.0104166666666667,0.102062072615966,"Food"
"Connecticut","Potatoes","ETS",0.0205991465721218,0.101534175420775,"Food"
"Connecticut","Eggs","ARIMA",0.0104166666666667,0.102062072615966,"Food"
"Connecticut","Eggs","ETS",0.0206187957024457,0.101534176785752,"Food"
"Connecticut","Beverages","ARIMA",0.00520833333333333,0.0721687836487032,"Food"
"Connecticut","Beverages","ETS",0.0108876741626407,0.0719862086704976,"Food"
"Indiana","Meat","ARIMA",0.0814799870964425,0.183437307364932,"Food"
"Indiana","Meat","ETS",0.0829802843964423,0.185836677164555,"Food"
"Indiana","Pastries","ARIMA",0.0407986111111111,0.142826137508355,"Food"
"Indiana","Pastries","ETS",0.0407538238544666,0.142833300367003,"Food"
"Indiana","Fish","ARIMA",0.00520833333333333,0.0721687836487032,"Food"
"Indiana","Fish","ETS",0.0103210576564084,0.0719841785356764,"Food"
"Indiana","Vegetables","ARIMA",0.015625,0.161374306091976,"Food"
"Indiana","Vegetables","ETS",0.0316201135625652,0.160625299330027,"Food"
"Indiana","Dairy","ARIMA",0.00520833333333333,0.0721687836487032,"Food"
"Indiana","Dairy","ETS",0.0104016725229034,0.0719841815852878,"Food"
"Indiana","Pasta","ARIMA",0.0104166666666667,0.102062072615966,"Food"
"Indiana","Pasta","ETS",0.0190237378842909,0.0982997256598859,"Food"
"Indiana","Salads","ARIMA",0.00520833333333333,0.0721687836487032,"Food"
"Indiana","Salads","ETS",0.0103942029319586,0.071984184928656,"Food"
"Indiana","Eggs","ARIMA",0.00520833333333333,0.0721687836487032,"Food"
"Indiana","Eggs","ETS",0.01088920644711,0.0719862087462516,"Food"
"Minnesota","Meat","ARIMA",0.496702914688235,0.574683848091781,"Food"
"Minnesota","Meat","ETS",0.536187455693626,0.598761745211318,"Food"
"Minnesota","Pastries","ARIMA",0.578202079134092,0.696880387077764,"Food"
"Minnesota","Pastries","ETS",0.588384310290927,0.705222221908334,"Food"
"Minnesota","Fish","ARIMA",0.117858982225988,0.297250738392303,"Food"
"Minnesota","Fish","ETS",0.106387552730821,0.275253419671194,"Food"
"Minnesota","Vegetables","ARIMA",0.270025132796497,0.392664558409936,"Food"
"Minnesota","Vegetables","ETS",0.274261341209549,0.395270144541714,"Food"
"Minnesota","Dairy","ARIMA",0.207725258263706,0.351831264273158,"Food"
"Minnesota","Dairy","ETS",0.210100181625181,0.35177137399014,"Food"
"Minnesota","Seafood","ARIMA",0.117838541666666,0.262698337769135,"Food"
"Minnesota","Seafood","ETS",0.117701906810053,0.262711393664628,"Food"
"Minnesota","Fruits","ARIMA",0.186631944444522,0.30547663122115,"Food"
"Minnesota","Fruits","ETS",0.169418396970514,0.305822834712029,"Food"
"Minnesota","Mixed","ARIMA",0.0958651851230476,0.219099982183506,"Food"
"Minnesota","Mixed","ETS",0.0988602149977151,0.222206163236217,"Food"
"Minnesota","Pasta","ARIMA",0.0998513337104835,0.24997996498087,"Food"
"Minnesota","Pasta","ETS",0.111097668276224,0.243760345573464,"Food"
"Minnesota","Salads","ARIMA",0.138820856381171,0.295157214786161,"Food"
"Minnesota","Salads","ETS",0.139379101710999,0.294986681382797,"Food"
"Minnesota","Potatoes","ARIMA",0.117838541666667,0.262698337769135,"Food"
"Minnesota","Potatoes","ETS",0.117783608828752,0.262711452822242,"Food"
"Minnesota","Eggs","ARIMA",0.0407986111111441,0.142826137508355,"Food"
"Minnesota","Eggs","ETS",0.0408459552622248,0.142833255437138,"Food"
"Minnesota","Beverages","ARIMA",0.0307617187499612,0.124019592706153,"Food"
"Minnesota","Beverages","ETS",0.0307687474707904,0.124025789566204,"Food"
"Nebraska","Meat","ARIMA",0.0407026154728091,0.142797934033366,"Food"
"Nebraska","Meat","ETS",0.0396507833309884,0.140060515905889,"Food"
"Nebraska","Pastries","ARIMA",0.0104166666666667,0.102062072615966,"Food"
"Nebraska","Pastries","ETS",0.0206545028462869,0.10153416553242,"Food"
"Nebraska","Fish","ARIMA",0.00520833333333333,0.0721687836487032,"Food"
"Nebraska","Fish","ETS",0.0108881849763958,0.0719862086999039,"Food"
"Nebraska","Vegetables","ARIMA",0.00520833333333333,0.0721687836487032,"Food"
"Nebraska","Vegetables","ETS",0.0104057883760087,0.0719841794499166,"Food"
"Nebraska","Potatoes","ARIMA",0.00520833333333333,0.0721687836487032,"Food"
"Nebraska","Potatoes","ETS",0.0103901429582183,0.0719841866917701,"Food"
"Arkansas","Meat","ARIMA",0.152777777777463,0.276385399196283,"Food"
"Arkansas","Meat","ETS",0.15289534895755,0.276399187242605,"Food"
"Arkansas","Pastries","ARIMA",0.00520833333333333,0.0721687836487032,"Food"
"Arkansas","Pastries","ETS",0.0103695497559708,0.0719841921368048,"Food"
"Arkansas","Fish","ARIMA",0.00520833333333333,0.0721687836487032,"Food"
"Arkansas","Fish","ETS",0.0103891274463467,0.0719841870948714,"Food"
"Arkansas","Vegetables","ARIMA",0.0104166666666667,0.102062072615966,"Food"
"Arkansas","Vegetables","ETS",0.020652630002187,0.101534160857734,"Food"
"Illinois","Meat","ARIMA",0.334321322149272,0.48618765545149,"Food"
"Illinois","Meat","ETS",0.371997599322959,0.50482100360138,"Food"
"Illinois","Pastries","ARIMA",0.213339155713305,0.406233304932225,"Food"
"Illinois","Pastries","ETS",0.217269229658693,0.409827222859019,"Food"
"Illinois","Fish","ARIMA",0.123489466562744,0.263136997929029,"Food"
"Illinois","Fish","ETS",0.131522188310239,0.263018738772848,"Food"
"Illinois","Vegetables","ARIMA",0.135199652777743,0.259999666132264,"Food"
"Illinois","Vegetables","ETS",0.13522132723361,0.260012659127492,"Food"
"Illinois","Dairy","ARIMA",0.0104166666666667,0.102062072615966,"Food"
"Illinois","Dairy","ETS",0.020653474381176,0.101534176439586,"Food"
"Illinois","Seafood","ARIMA",0.0104166666666667,0.102062072615966,"Food"
"Illinois","Seafood","ETS",0.0205934273254746,0.101534175348694,"Food"
"Illinois","Fruits","ARIMA",0.0706380208332273,0.21341459633904,"Food"
"Illinois","Fruits","ETS",0.0707806966333942,0.213425295696971,"Food"
"Illinois","Mixed","ARIMA",0.0306897642800126,0.124007271634273,"Food"
"Illinois","Mixed","ETS",0.0316384009517652,0.12402883467036,"Food"
"Illinois","Pasta","ARIMA",0.0307617187499653,0.124019592706153,"Food"
"Illinois","Pasta","ETS",0.0307232990473644,0.124025780306412,"Food"
"Illinois","Salads","ARIMA",0.0407986111111109,0.142826137508355,"Food"
"Illinois","Salads","ETS",0.0410600598030827,0.142833569245854,"Food"
"Illinois","Potatoes","ARIMA",0.0104166666666667,0.102062072615966,"Food"
"Illinois","Potatoes","ETS",0.0206375120236129,0.10153417567535,"Food"
"Illinois","Eggs","ARIMA",0.00520833333333333,0.0721687836487032,"Food"
"Illinois","Eggs","ETS",0.0103715895013733,0.0719841919628976,"Food"
"Illinois","Beverages","ARIMA",0.0307617187499999,0.124019592706153,"Food"
"Illinois","Beverages","ETS",0.0308148549429695,0.124025763229258,"Food"
"New Mexico","Meat","ARIMA",0.0407026154729996,0.142797934033366,"Food"
"New Mexico","Meat","ETS",0.0408506535140443,0.142833238665477,"Food"
"New Mexico","Pastries","ARIMA",0.0104166666666667,0.102062072615966,"Food"
"New Mexico","Pastries","ETS",0.0206315154260093,0.101534177599187,"Food"
"New Mexico","Dairy","ARIMA",0.0103451135755509,0.0719795113654389,"Food"
"New Mexico","Dairy","ETS",0.0104101291952521,0.0719841758623155,"Food"
"New Mexico","Fruits","ARIMA",0.0188170002878545,0.116771812681789,"Food"
"New Mexico","Fruits","ETS",0.0303128209905044,0.124026355666369,"Food"
"New Mexico","Pasta","ARIMA",0.00520833333333333,0.0721687836487032,"Food"
"New Mexico","Pasta","ETS",0.0103204165580178,0.0719841797597564,"Food"
"North Carolina","Meat","ARIMA",0.226223271001003,0.360101147975596,"Food"
"North Carolina","Meat","ETS",0.236661868997749,0.360005226370122,"Food"
"North Carolina","Pastries","ARIMA",0.0686746226365049,0.186029779387456,"Food"
"North Carolina","Pastries","ETS",0.0704610369114188,0.187436946746437,"Food"
"North Carolina","Vegetables","ARIMA",0.0104166666666667,0.102062072615966,"Food"
"North Carolina","Vegetables","ETS",0.0206688063396934,0.101534163700363,"Food"
"North Carolina","Dairy","ARIMA",0.03076171875,0.124019592706153,"Food"
"North Carolina","Dairy","ETS",0.0307498787448023,0.124025787520263,"Food"
"North Carolina","Seafood","ARIMA",0.0104166666666667,0.102062072615966,"Food"
"North Carolina","Seafood","ETS",0.0206679305668379,0.101534163813868,"Food"
"North Carolina","Fruits","ARIMA",0.00520833333333333,0.0721687836487032,"Food"
"North Carolina","Fruits","ETS",0.0103746475576971,0.0719841915889432,"Food"
"North Carolina","Mixed","ARIMA",0.00520833333333333,0.0721687836487032,"Food"
"North Carolina","Mixed","ETS",0.0103644467459309,0.0719841923076827,"Food"
"North Carolina","Pasta","ARIMA",0.0307617187498803,0.124019592706153,"Food"
"North Carolina","Pasta","ETS",0.0308457213391379,0.124025748751085,"Food"
"North Carolina","Salads","ARIMA",0.0104166666666667,0.102062072615966,"Food"
"North Carolina","Salads","ETS",0.0206755848948659,0.101534164665491,"Food"
"North Carolina","Eggs","ARIMA",0.00520833333333333,0.0721687836487032,"Food"
"North Carolina","Eggs","ETS",0.0103639361582732,0.071984192304036,"Food"
"Oregon","Meat","ARIMA",0.24755859374978,0.428193425188898,"Food"
"Oregon","Meat","ETS",0.247465857942278,0.428214814615422,"Food"
"Oregon","Pastries","ARIMA",0.144042968750327,0.268368188083089,"Food"
"Oregon","Pastries","ETS",0.144107887175631,0.26838159083857,"Food"
"Oregon","Fish","ARIMA",0.0886454654334475,0.21088694970132,"Food"
"Oregon","Fish","ETS",0.0893698448416066,0.211381642338265,"Food"
"Oregon","Vegetables","ARIMA",0.141487815390062,0.300413927772583,"Food"
"Oregon","Vegetables","ETS",0.1448649041099,0.304737096606243,"Food"
"Oregon","Dairy","ARIMA",0.0407986111111023,0.142826137508355,"Food"
"Oregon","Dairy","ETS",0.0407815822378905,0.142833273319825,"Food"
"Oregon","Seafood","ARIMA",0.202180206831931,0.361783663714144,"Food"
"Oregon","Seafood","ETS",0.209354539379004,0.36431981193127,"Food"
"Oregon","Fruits","ARIMA",0.0692855321374117,0.186183563219296,"Food"
"Oregon","Fruits","ETS",0.0701823009982327,0.187436979684206,"Food"
"Oregon","Mixed","ARIMA",0.0307617187499614,0.124019592706153,"Food"
"Oregon","Mixed","ETS",0.030717739623415,0.124025782921988,"Food"
"Oregon","Pasta","ARIMA",0.0407986111111111,0.142826137508355,"Food"
"Oregon","Pasta","ETS",0.0408300365387293,0.142833266710203,"Food"
"Oregon","Salads","ARIMA",0.0307617187499768,0.124019592706153,"Food"
"Oregon","Salads","ETS",0.0307783219942571,0.12402579060122,"Food"
"Oregon","Potatoes","ARIMA",0.0307717053315487,0.123985190360939,"Food"
"Oregon","Potatoes","ETS",0.030824358957649,0.124025773782094,"Food"
"Virginia","Meat","ARIMA",0.287961378837527,0.414003350556151,"Food"
"Virginia","Meat","ETS",0.296954893032991,0.420704792246447,"Food"
"Virginia","Pastries","ARIMA",0.115366997263419,0.241045422056746,"Food"
"Virginia","Pastries","ETS",0.117298943920764,0.242073542989515,"Food"
"Virginia","Fish","ARIMA",0.021180607767297,0.124246886072718,"Food"
"Virginia","Fish","ETS",0.0278330272589968,0.122785413919604,"Food"
"Virginia","Vegetables","ARIMA",0.0509982638891073,0.189156456222238,"Food"
"Virginia","Vegetables","ETS",0.0510008875504331,0.18916590415267,"Food"
"Virginia","Dairy","ARIMA",0.103354422719029,0.227909053542115,"Food"
"Virginia","Dairy","ETS",0.108123593992262,0.232410638992148,"Food"
"Virginia","Seafood","ARIMA",0.00520833333333333,0.0721687836487032,"Food"
"Virginia","Seafood","ETS",0.010296816578569,0.0719841790586477,"Food"
"Virginia","Fruits","ARIMA",0.0104166666666667,0.102062072615966,"Food"
"Virginia","Fruits","ETS",0.0206102855495692,0.101534179092957,"Food"
"Virginia","Mixed","ARIMA",0.0410156250002536,0.175544786941174,"Food"
"Virginia","Mixed","ETS",0.0411480935773214,0.175553507361516,"Food"
"Virginia","Pasta","ARIMA",0.0104166666666667,0.102062072615966,"Food"
"Virginia","Pasta","ETS",0.0206355770874229,0.101534171783015,"Food"
"Virginia","Salads","ARIMA",0.0602529556096203,0.17382111451385,"Food"
"Virginia","Salads","ETS",0.0574401187644625,0.169969644112385,"Food"
"Virginia","Potatoes","ARIMA",0.0307617187499222,0.124019592706153,"Food"
"Virginia","Potatoes","ETS",0.0308339262959737,0.124025759315335,"Food"
"Virginia","Eggs","ARIMA",0.0307617187499612,0.124019592706153,"Food"
"Virginia","Eggs","ETS",0.0307543688380999,0.12402578717978,"Food"
"Georgia","Meat","ARIMA",0.413292803481854,0.528975003331473,"Food"
"Georgia","Meat","ETS",0.435784776941231,0.53454145071006,"Food"
"Georgia","Pastries","ARIMA",0.100368923611652,0.283937774384146,"Food"
"Georgia","Pastries","ETS",0.10043375465764,0.28395194175217,"Food"
"Georgia","Fish","ARIMA",0.00520833333333333,0.0721687836487032,"Food"
"Georgia","Fish","ETS",0.0103746475576971,0.0719841915889432,"Food"
"Georgia","Vegetables","ARIMA",0.0608723958334747,0.20171788261497,"Food"
"Georgia","Vegetables","ETS",0.0608965015287831,0.201727958691823,"Food"
"Georgia","Dairy","ARIMA",0.0605468749997399,0.173992636338438,"Food"
"Georgia","Dairy","ETS",0.0605780338959797,0.174001303066279,"Food"
"Georgia","Seafood","ARIMA",0.0307617187499226,0.124019592706153,"Food"
"Georgia","Seafood","ETS",0.0308133041677791,0.124025776631006,"Food"
"Georgia","Fruits","ARIMA",0.104202040809844,0.228406030895741,"Food"
"Georgia","Fruits","ETS",0.107987675370236,0.232410681140311,"Food"
"Georgia","Pasta","ARIMA",0.0407986111111022,0.142826137508355,"Food"
"Georgia","Pasta","ETS",0.0407837776823717,0.142833276103308,"Food"
"Georgia","Salads","ARIMA",0.0306897642799061,0.124007271634273,"Food"
"Georgia","Salads","ETS",0.0307980664945444,0.124025778079279,"Food"
"Georgia","Potatoes","ARIMA",0.00520833333333333,0.0721687836487032,"Food"
"Georgia","Potatoes","ETS",0.0103412350050718,0.0719841888878419,"Food"
"Georgia","Eggs","ARIMA",0.0104166666666667,0.102062072615966,"Food"
"Georgia","Eggs","ETS",0.0206886741575918,0.101534149257479,"Food"
"Georgia","Beverages","ARIMA",0.0104166666666667,0.102062072615966,"Food"
"Georgia","Beverages","ETS",0.0206710785692149,0.10153416507171,"Food"
"Iowa","Meat","ARIMA",0.198485392430585,0.329819154180488,"Food"
"Iowa","Meat","ETS",0.204223533654127,0.334487394072095,"Food"
"Iowa","Pastries","ARIMA",0.0788439290415556,0.219403021917526,"Food"
"Iowa","Pastries","ETS",0.0803103283980705,0.224393055177355,"Food"
"Iowa","Vegetables","ARIMA",0.0185130274283468,0.116805435340675,"Food"
"Iowa","Vegetables","ETS",0.0307234795033364,0.124025768058711,"Food"
"Iowa","Dairy","ARIMA",0.030761718749988,0.124019592706153,"Food"
"Iowa","Dairy","ETS",0.0303538966222676,0.124026386275136,"Food"
"Iowa","Fruits","ARIMA",0.0700729960742326,0.187315796497232,"Food"
"Iowa","Fruits","ETS",0.0702723826227939,0.187437012662017,"Food"
"Iowa","Mixed","ARIMA",0.00520833333333333,0.0721687836487032,"Food"
"Iowa","Mixed","ETS",0.0103942029319586,0.071984184928656,"Food"
"Iowa","Pasta","ARIMA",0.0104166666666667,0.102062072615966,"Food"
"Iowa","Pasta","ETS",0.0206477772590776,0.101534176078504,"Food"
"Iowa","Salads","ARIMA",0.0104166666666667,0.102062072615966,"Food"
"Iowa","Salads","ETS",0.0206447926750924,0.101534174428288,"Food"
"Iowa","Eggs","ARIMA",0.00520833333333333,0.0721687836487032,"Food"
"Iowa","Eggs","ETS",0.0103355914950985,0.0719841868978628,"Food"
"Louisiana","Meat","ARIMA",0.108018663194586,0.232399078305449,"Food"
"Louisiana","Meat","ETS",0.107975171598128,0.232410681368851,"Food"
"Louisiana","Pastries","ARIMA",0.0410156250000106,0.175544786941174,"Food"
"Louisiana","Pastries","ETS",0.030790135972745,0.175747306487738,"Food"
"Louisiana","Fish","ARIMA",0.015625,0.125,"Food"
"Louisiana","Fish","ETS",0.030848746943874,0.124025764442529,"Food"
"Louisiana","Vegetables","ARIMA",0.0205147014764183,0.10152842946869,"Food"
"Louisiana","Vegetables","ETS",0.0227810336739451,0.098751680051924,"Food"
"Louisiana","Seafood","ARIMA",0.0605468749998166,0.173992636338438,"Food"
"Louisiana","Seafood","ETS",0.0604724323879153,0.174001350576581,"Food"
"Louisiana","Fruits","ARIMA",0.0104166666666667,0.102062072615966,"Food"
"Louisiana","Fruits","ETS",0.0209338154285869,0.0998333222077298,"Food"
"Louisiana","Mixed","ARIMA",0.00520833333333333,0.0721687836487032,"Food"
"Louisiana","Mixed","ETS",0.0103581121464248,0.0719841921342296,"Food"
"Louisiana","Pasta","ARIMA",0.00520833333333333,0.0721687836487032,"Food"
"Louisiana","Pasta","ETS",0.0103916658371349,0.0719841860588602,"Food"
"Louisiana","Salads","ARIMA",0.0104166666666667,0.102062072615966,"Food"
"Louisiana","Salads","ETS",0.0206072491535846,0.101534176359326,"Food"
"Massachusetts","Meat","ARIMA",0.199252519587236,0.389133902887174,"Food"
"Massachusetts","Meat","ETS",0.187085825364627,0.322093216182616,"Food"
"Massachusetts","Pastries","ARIMA",0.111308329713655,0.231761888790131,"Food"
"Massachusetts","Pastries","ETS",0.117374269068383,0.231713472563702,"Food"
"Massachusetts","Fish","ARIMA",0.0650488981102546,0.141874984840662,"Food"
"Massachusetts","Fish","ETS",0.0595141741753365,0.169195325954719,"Food"
"Massachusetts","Vegetables","ARIMA",0.0178535322842595,0.115134180732017,"Food"
"Massachusetts","Vegetables","ETS",0.0307816171951966,0.124025784674994,"Food"
"Massachusetts","Dairy","ARIMA",0.0507269965278263,0.159259217202298,"Food"
"Massachusetts","Dairy","ETS",0.0506976889959946,0.15926716789273,"Food"
"Massachusetts","Seafood","ARIMA",0.0324680568771914,0.134301850586457,"Food"
"Massachusetts","Seafood","ETS",0.0297757277648247,0.141318786901782,"Food"
"Massachusetts","Fruits","ARIMA",0.040798611111111,0.142826137508355,"Food"
"Massachusetts","Fruits","ETS",0.0407930352004738,0.142833273151739,"Food"
"Massachusetts","Pasta","ARIMA",0.015625,0.161374306091976,"Food"
"Massachusetts","Pasta","ETS",0.0308473009496126,0.16062409449102,"Food"
"Massachusetts","Salads","ARIMA",0.00520833333333333,0.0721687836487032,"Food"
"Massachusetts","Salads","ETS",0.0103189971953021,0.0719841772165215,"Food"
"Massachusetts","Eggs","ARIMA",0.00520833333333333,0.0721687836487032,"Food"
"Massachusetts","Eggs","ETS",0.0103911582626748,0.0719841862735979,"Food"
"Michigan","Meat","ARIMA",0.32797209152922,0.44739170148502,"Food"
"Michigan","Meat","ETS",0.332233792649273,0.451167645570968,"Food"
"Michigan","Pastries","ARIMA",0.125818878239203,0.248725878907426,"Food"
"Michigan","Pastries","ETS",0.126399560876404,0.251257210753036,"Food"
"Michigan","Fish","ARIMA",0.03125,0.306186217847897,"Food"
"Michigan","Fish","ETS",0.0616075896632671,0.304602519201149,"Food"
"Michigan","Vegetables","ARIMA",0.117187500000014,0.242061459137964,"Food"
"Michigan","Vegetables","ETS",0.1169965371646,0.242073454030019,"Food"
"Michigan","Dairy","ARIMA",0.0703583672459136,0.205701109170196,"Food"
"Michigan","Dairy","ETS",0.0741306516824127,0.21026296159994,"Food"
"Michigan","Fruits","ARIMA",0.0407986111111108,0.142826137508355,"Food"
"Michigan","Fruits","ETS",0.0406871317702569,0.142833225671862,"Food"
"Michigan","Mixed","ARIMA",0.00520833333333333,0.0721687836487032,"Food"
"Michigan","Mixed","ETS",0.010401168853294,0.0719841810383596,"Food"
"Michigan","Pasta","ARIMA",0.0507269965279597,0.159259217202298,"Food"
"Michigan","Pasta","ETS",0.0508160636498223,0.159267127079711,"Food"
"Michigan","Salads","ARIMA",0.0506027791469242,0.159206670108938,"Food"
"Michigan","Salads","ETS",0.0507120655192465,0.159267164823109,"Food"
"Michigan","Potatoes","ARIMA",0.00520833333333333,0.0721687836487032,"Food"
"Michigan","Potatoes","ETS",0.0103355914950985,0.0719841868978628,"Food"
"Michigan","Eggs","ARIMA",0.0307617187499223,0.124019592706153,"Food"
"Michigan","Eggs","ETS",0.0308139072430511,0.124025766590653,"Food"
"Utah","Meat","ARIMA",0.0417375114652604,0.123989288799138,"Food"
"Utah","Meat","ETS",0.0393506318590837,0.123952145665368,"Food"
"Utah","Pastries","ARIMA",0.0307617187499225,0.124019592706153,"Food"
"Utah","Pastries","ETS",0.0308187958135717,0.124025772667445,"Food"
"Utah","Vegetables","ARIMA",0.0104166666666667,0.102062072615966,"Food"
"Utah","Vegetables","ETS",0.0205860969741675,0.101534168754408,"Food"
"Utah","Dairy","ARIMA",0.135199652777745,0.259999666132264,"Food"
"Utah","Dairy","ETS",0.135232573686411,0.260012649278954,"Food"
"Utah","Fruits","ARIMA",0.00520833333333333,0.0721687836487032,"Food"
"Utah","Fruits","ETS",0.0103952174071601,0.0719841844502006,"Food"
"Utah","Mixed","ARIMA",0.00520833333333333,0.0721687836487032,"Food"
"Utah","Mixed","ETS",0.0103675091772382,0.0719841922503946,"Food"
"Utah","Potatoes","ARIMA",0.00520833333333333,0.0721687836487032,"Food"
"Utah","Potatoes","ETS",0.0103832032778034,0.0719841896297075,"Food"
"Utah","Beverages","ARIMA",0.00520833333333333,0.0721687836487032,"Food"
"Utah","Beverages","ETS",0.0103741380117532,0.0719841916606933,"Food"
"Washington","Meat","ARIMA",0.419813368055522,0.541841918764648,"Food"
"Washington","Meat","ETS",0.405934109409419,0.542092599222265,"Food"
"Washington","Pastries","ARIMA",0.288961477599357,0.41924036931524,"Food"
"Washington","Pastries","ETS",0.296386635730129,0.419195555892176,"Food"
"Washington","Fish","ARIMA",0.144856770833333,0.287120446923703,"Food"
"Washington","Fish","ETS",0.144950197638411,0.28713477622846,"Food"
"Washington","Vegetables","ARIMA",0.228320545833033,0.365743462314382,"Food"
"Washington","Vegetables","ETS",0.230574656065685,0.369663557960458,"Food"
"Washington","Dairy","ARIMA",0.0898437500000415,0.234721965400911,"Food"
"Washington","Dairy","ETS",0.0899051679185825,0.234733710695047,"Food"
"Washington","Seafood","ARIMA",0.323187934027786,0.488779259922673,"Food"
"Washington","Seafood","ETS",0.323214669803049,0.488803681897096,"Food"
"Washington","Fruits","ARIMA",0.0595627198206124,0.171854060034229,"Food"
"Washington","Fruits","ETS",0.0606387274940871,0.174001304826397,"Food"
"Washington","Mixed","ARIMA",0.160156597153704,0.317288997754512,"Food"
"Washington","Mixed","ETS",0.171595639091742,0.3171701084145,"Food"
"Washington","Pasta","ARIMA",0.040798611111111,0.142826137508355,"Food"
"Washington","Pasta","ETS",0.0425260638565511,0.142844405388274,"Food"
"Washington","Salads","ARIMA",0.0987413194444444,0.222195093830224,"Food"
"Washington","Salads","ETS",0.0986939708720968,0.222206189395147,"Food"
"Washington","Potatoes","ARIMA",0.00520833333333333,0.0721687836487032,"Food"
"Washington","Potatoes","ETS",0.010341747737236,0.0719841890461337,"Food"
"Washington","Eggs","ARIMA",0.015625,0.161374306091976,"Food"
"Washington","Eggs","ETS",0.0315979706312765,0.160625320841835,"Food"
"Washington","Beverages","ARIMA",0.0104166666666667,0.102062072615966,"Food"
"Washington","Beverages","ETS",0.0206887452259284,0.101534144852709,"Food"
"Kentucky","Meat","ARIMA",0.015625,0.125,"Food"
"Kentucky","Meat","ETS",0.0305945134740515,0.124025950295077,"Food"
"Kentucky","Vegetables","ARIMA",0.00520833333333333,0.0721687836487032,"Food"
"Kentucky","Vegetables","ETS",0.0108886957378839,0.0719862087251552,"Food"
"Kentucky","Dairy","ARIMA",0.00520833333333333,0.0721687836487032,"Food"
"Kentucky","Dairy","ETS",0.0103834808720697,0.0719841891967145,"Food"
"Kentucky","Salads","ARIMA",0.00520833333333333,0.0721687836487032,"Food"
"Kentucky","Salads","ETS",0.0103204165580178,0.0719841797597564,"Food"
"Tennessee","Meat","ARIMA",0.339260602800503,0.452259683882964,"Food"
"Tennessee","Meat","ETS",0.362812042701013,0.467266264698012,"Food"
"Tennessee","Pastries","ARIMA",0.079861111111111,0.199826313471363,"Food"
"Tennessee","Pastries","ETS",0.0795950392054022,0.199836456703905,"Food"
"Tennessee","Fish","ARIMA",0.0104166666666667,0.102062072615966,"Food"
"Tennessee","Fish","ETS",0.0206204972379307,0.101534178591619,"Food"
"Tennessee","Vegetables","ARIMA",0.0798611111110993,0.199826313471363,"Food"
"Tennessee","Vegetables","ETS",0.0786235471661468,0.19984089298751,"Food"
"Tennessee","Dairy","ARIMA",0.0702582465278643,0.187427648077569,"Food"
"Tennessee","Dairy","ETS",0.0703758212133475,0.187437053464485,"Food"
"Tennessee","Seafood","ARIMA",0.0485013655540884,0.152284931106329,"Food"
"Tennessee","Seafood","ETS",0.0506796350522954,0.159267144160096,"Food"
"Tennessee","Fruits","ARIMA",0.00520833333333333,0.0721687836487032,"Food"
"Tennessee","Fruits","ETS",0.0103195123894515,0.071984177551967,"Food"
"Tennessee","Mixed","ARIMA",0.0307617187499035,0.124019592706153,"Food"
"Tennessee","Mixed","ETS",0.0308294602649837,0.124025763286102,"Food"
"Tennessee","Pasta","ARIMA",0.040798611111111,0.142826137508355,"Food"
"Tennessee","Pasta","ETS",0.0425156086402781,0.142844406137078,"Food"
"Tennessee","Salads","ARIMA",0.0407026154726025,0.142797934033365,"Food"
"Tennessee","Salads","ETS",0.0408128319616461,0.142833266748152,"Food"
"Tennessee","Potatoes","ARIMA",0.00520833333333333,0.0721687836487032,"Food"
"Tennessee","Potatoes","ETS",0.0103741380117532,0.0719841916606933,"Food"
"Tennessee","Eggs","ARIMA",0.0104166666666667,0.102062072615966,"Food"
"Tennessee","Eggs","ETS",0.0206031546257233,0.101534178500747,"Food"
"Tennessee","Beverages","ARIMA",0.00520833333333333,0.0721687836487032,"Food"
"Tennessee","Beverages","ETS",0.0103316011464196,0.0719841840146391,"Food"
"Ohio","Meat","ARIMA",0.603027343749805,0.69219906091424,"Food"
"Ohio","Meat","ETS",0.603126054862734,0.692233568738571,"Food"
"Ohio","Pastries","ARIMA",0.43237927802273,0.572863635871884,"Food"
"Ohio","Pastries","ETS",0.452303277480655,0.572666403597175,"Food"
"Ohio","Fish","ARIMA",0.079861111111111,0.199826313471363,"Food"
"Ohio","Fish","ETS",0.0785829740025426,0.199840885086056,"Food"
"Ohio","Vegetables","ARIMA",0.212131076388736,0.340379626197802,"Food"
"Ohio","Vegetables","ETS",0.212411199112266,0.340396591407196,"Food"
"Ohio","Dairy","ARIMA",0.137478298610642,0.31440392234972,"Food"
"Ohio","Dairy","ETS",0.137382535216469,0.314419625059754,"Food"
"Ohio","Seafood","ARIMA",0.0208333333333333,0.165140281197388,"Food"
"Ohio","Seafood","ETS",0.0409480305301347,0.175553537402929,"Food"
"Ohio","Fruits","ARIMA",0.153645833333345,0.294627825494395,"Food"
"Ohio","Fruits","ETS",0.153664403277387,0.294642539130131,"Food"
"Ohio","Mixed","ARIMA",0.0307617187499498,0.124019592706153,"Food"
"Ohio","Mixed","ETS",0.0307963134391067,0.124025780160606,"Food"
"Ohio","Pasta","ARIMA",0.0306897642798083,0.124007271634273,"Food"
"Ohio","Pasta","ETS",0.0321409383808295,0.124033725424591,"Food"
"Ohio","Salads","ARIMA",0.0992838541666665,0.244514470714698,"Food"
"Ohio","Salads","ETS",0.0993064282246849,0.244526692597151,"Food"
"Ohio","Potatoes","ARIMA",0.0307617187499768,0.124019592706153,"Food"
"Ohio","Potatoes","ETS",0.0307998289214096,0.124025780320837,"Food"
"Ohio","Eggs","ARIMA",0.0405276958055245,0.142773003651503,"Food"
"Ohio","Eggs","ETS",0.0408999188681357,0.142833234591831,"Food"
"Ohio","Beverages","ARIMA",0.0494517199365535,0.170160158643504,"Food"
"Ohio","Beverages","ETS",0.060617124759496,0.174001296401213,"Food"
"Oklahoma","Meat","ARIMA",0.0798611111111109,0.199826313471363,"Food"
"Oklahoma","Meat","ETS",0.0786520642663077,0.199840887686985,"Food"
"Oklahoma","Pastries","ARIMA",0.0104166666666667,0.102062072615966,"Food"
"Oklahoma","Pastries","ETS",0.0205682733558314,0.101534172681695,"Food"
"Oklahoma","Dairy","ARIMA",0.0307617187499878,0.124019592706153,"Food"
"Oklahoma","Dairy","ETS",0.0308227542949371,0.124025773605322,"Food"
"Oklahoma","Seafood","ARIMA",0.0103459705959364,0.0719784524137837,"Food"
"Oklahoma","Seafood","ETS",0.0137209333267141,0.0702775421657882,"Food"
"Oklahoma","Fruits","ARIMA",0.00520833333333333,0.0721687836487032,"Food"
"Oklahoma","Fruits","ETS",0.0104011658756088,0.0719841818679589,"Food"
"Oklahoma","Mixed","ARIMA",0.00520833333333333,0.0721687836487032,"Food"
"Oklahoma","Mixed","ETS",0.0103321649787912,0.0719841858225301,"Food"
"Arizona","Meat","ARIMA",0.0893554687500008,0.211371082163573,"Food"
"Arizona","Meat","ETS",0.0893494322577334,0.211381638888095,"Food"
"Arizona","Pastries","ARIMA",0.0692853392673465,0.186183490303844,"Food"
"Arizona","Pastries","ETS",0.0703244337373243,0.18743703185588,"Food"
"Arizona","Fish","ARIMA",0.00520833333333333,0.0721687836487032,"Food"
"Arizona","Fish","ETS",0.010358623099161,0.0719841921644092,"Food"
"Arizona","Vegetables","ARIMA",0.0104166666666667,0.102062072615966,"Food"
"Arizona","Vegetables","ETS",0.0205757016002766,0.101534173036737,"Food"
"Arizona","Dairy","ARIMA",0.0493893281146104,0.156450105964197,"Food"
"Arizona","Dairy","ETS",0.0507500532523354,0.159267171944461,"Food"
"Arizona","Seafood","ARIMA",0.00520833333333333,0.0721687836487032,"Food"
"Arizona","Seafood","ETS",0.0103741380117532,0.0719841916606933,"Food"
"Arizona","Fruits","ARIMA",0.00520833333333333,0.0721687836487032,"Food"
"Arizona","Fruits","ETS",0.0103300588721319,0.0719841832459199,"Food"
"Arizona","Potatoes","ARIMA",0.00520833333333333,0.0721687836487032,"Food"
"Arizona","Potatoes","ETS",0.0103886196126174,0.0719841872907705,"Food"
"Arizona","Eggs","ARIMA",0.00520833333333333,0.0721687836487032,"Food"
"Arizona","Eggs","ETS",0.0103570900844244,0.0719841920625653,"Food"
"Arizona","Beverages","ARIMA",0.00520833333333333,0.0721687836487032,"Food"
"Arizona","Beverages","ETS",0.0103222759754501,0.0719841806877433,"Food"
"Maine","Meat","ARIMA",0.0506962150124036,0.155514755453287,"Food"
"Maine","Meat","ETS",0.0509955171509285,0.159267217309866,"Food"
"Maine","Pastries","ARIMA",0.00520833333333333,0.0721687836487032,"Food"
"Maine","Pastries","ETS",0.010383711834918,0.0719841894863939,"Food"
"Maine","Vegetables","ARIMA",0.0571004976685763,0.159621276009199,"Food"
"Maine","Vegetables","ETS",0.0508357201004258,0.159267118722331,"Food"
"Maine","Dairy","ARIMA",0.0191750107416286,0.115056797758485,"Food"
"Maine","Dairy","ETS",0.0387784713082922,0.12375678777394,"Food"
"Maine","Pasta","ARIMA",0.00520833333333333,0.0721687836487032,"Food"
"Maine","Pasta","ETS",0.010359133999728,0.0719841921908205,"Food"
"Maine","Eggs","ARIMA",0.0104166666666667,0.144337567297406,"Food"
"Maine","Eggs","ETS",0.0208072467640943,0.143968374476312,"Food"
"Idaho","Meat","ARIMA",0.0990986271145619,0.244263537080671,"Food"
"Idaho","Meat","ETS",0.0992777502922491,0.244526684183169,"Food"
"Idaho","Pastries","ARIMA",0.0697770581318493,0.187199750379735,"Food"
"Idaho","Pastries","ETS",0.0703689708211902,0.187436967938286,"Food"
"Idaho","Vegetables","ARIMA",0.0494820338359082,0.156477694155398,"Food"
"Idaho","Vegetables","ETS",0.050668073708998,0.159267136364172,"Food"
"Idaho","Dairy","ARIMA",0.0104166666666667,0.0834221901143479,"Food"
"Idaho","Dairy","ETS",0.0206851606846969,0.101534151815641,"Food"
"Idaho","Seafood","ARIMA",0.0307617187499807,0.124019592706153,"Food"
"Idaho","Seafood","ETS",0.0306981657794995,0.124025768216458,"Food"
"Idaho","Fruits","ARIMA",0.0104166666666667,0.102062072615966,"Food"
"Idaho","Fruits","ETS",0.0206249747104185,0.101534173168632,"Food"
"Mississippi","Meat","ARIMA",0.0312500515220811,0.153093796159317,"Food"
"Mississippi","Meat","ETS",0.0387006345310357,0.124196464886934,"Food"
"Mississippi","Pastries","ARIMA",0.00520833333333333,0.0721687836487032,"Food"
"Mississippi","Pastries","ETS",0.0103947101954634,0.0719841846913121,"Food"
"Mississippi","Fish","ARIMA",0.00520833333333333,0.0721687836487032,"Food"
"Mississippi","Fish","ETS",0.0103184819485622,0.0719841768773049,"Food"
"Mississippi","Vegetables","ARIMA",0.00520833333333333,0.0721687836487032,"Food"
"Mississippi","Vegetables","ETS",0.0103437981425046,0.0719841896416093,"Food"
"Mississippi","Seafood","ARIMA",0.00520833333333333,0.0721687836487032,"Food"
"Mississippi","Seafood","ETS",0.0103371312627609,0.0719841874858156,"Food"
"Mississippi","Pasta","ARIMA",0.0104166666666667,0.102062072615966,"Food"
"Mississippi","Pasta","ETS",0.0206045653519047,0.101534170607347,"Food"
"Mississippi","Potatoes","ARIMA",0.00520833333333333,0.0721687836487032,"Food"
"Mississippi","Potatoes","ETS",0.0103601556443748,0.0719841922323381,"Food"
"Mississippi","Eggs","ARIMA",0.00520833333333333,0.0721687836487032,"Food"
"Mississippi","Eggs","ETS",0.0103720993075544,0.0719841919099963,"Food"
"Nevada","Meat","ARIMA",0.079861111111111,0.199826313471363,"Food"
"Nevada","Meat","ETS",0.0786406149465413,0.19984087282302,"Food"
"Nevada","Pastries","ARIMA",0.0104166666666667,0.102062072615966,"Food"
"Nevada","Pastries","ETS",0.0205493940091548,0.101534155167251,"Food"
"Nevada","Fish","ARIMA",0.00520833333333333,0.0721687836487032,"Food"
"Nevada","Fish","ETS",0.010376685221202,0.0719841912642454,"Food"
"Nevada","Seafood","ARIMA",0.00520833333333333,0.0721687836487032,"Food"
"Nevada","Seafood","ETS",0.0103726090616778,0.0719841918533252,"Food"
"Nevada","Fruits","ARIMA",0.00520833333333333,0.0721687836487032,"Food"
"Nevada","Fruits","ETS",0.0103300588721319,0.0719841832459199,"Food"
"Nevada","Pasta","ARIMA",0.0103239655190466,0.0719782395589919,"Food"
"Nevada","Pasta","ETS",0.0112545146961111,0.0706085389073998,"Food"
"New Jersey","Meat","ARIMA",0.109212239583333,0.291992006050204,"Food"
"New Jersey","Meat","ETS",0.109237851663421,0.292006567097657,"Food"
"New Jersey","Pastries","ARIMA",0.0691546423130527,0.186247209531784,"Food"
"New Jersey","Pastries","ETS",0.0703344893557161,0.187437044489402,"Food"
"New Jersey","Fish","ARIMA",0.0407986111111023,0.142826137508355,"Food"
"New Jersey","Fish","ETS",0.0408338128460856,0.142833271204611,"Food"
"New Jersey","Vegetables","ARIMA",0.0104166666666667,0.102062072615966,"Food"
"New Jersey","Vegetables","ETS",0.0206563763248573,0.101534170512818,"Food"
"New Jersey","Dairy","ARIMA",0.00520833333333333,0.0721687836487032,"Food"
"New Jersey","Dairy","ETS",0.0108820517602455,0.071986208072802,"Food"
"New Jersey","Seafood","ARIMA",0.00520833333333333,0.0721687836487032,"Food"
"New Jersey","Seafood","ETS",0.0103184819485622,0.0719841768773049,"Food"
"New Jersey","Fruits","ARIMA",0.0104166666666667,0.102062072615966,"Food"
"New Jersey","Fruits","ETS",0.0206310118297044,0.101534177514067,"Food"
"New Jersey","Mixed","ARIMA",0.00520833333333333,0.0721687836487032,"Food"
"New Jersey","Mixed","ETS",0.0104011658756088,0.0719841818679589,"Food"
"New Jersey","Pasta","ARIMA",0.0306897642797772,0.124007271634272,"Food"
"New Jersey","Pasta","ETS",0.0308193847536332,0.12402576816436,"Food"
"New Jersey","Salads","ARIMA",0.00520833333333333,0.0721687836487032,"Food"
"New Jersey","Salads","ETS",0.0103189971953021,0.0719841772165215,"Food"
"New Jersey","Eggs","ARIMA",0.0331462071080229,0.12388868562442,"Food"
"New Jersey","Eggs","ETS",0.0373029100888857,0.123842983333895,"Food"
"New Jersey","Beverages","ARIMA",0.00520833333333333,0.0721687836487032,"Food"
"New Jersey","Beverages","ETS",0.0103906506363709,0.0719841864845679,"Food"
"North Dakota","Meat","ARIMA",0.0803665762028039,0.224252226518665,"Food"
"North Dakota","Meat","ETS",0.080355822478934,0.224393064200487,"Food"
"North Dakota","Vegetables","ARIMA",0.00520833333333333,0.0721687836487032,"Food"
"North Dakota","Vegetables","ETS",0.0103685295707912,0.0719841922011394,"Food"
"North Dakota","Seafood","ARIMA",0.00520833333333333,0.0721687836487032,"Food"
"North Dakota","Seafood","ETS",0.0103782129226892,0.0719841909811402,"Food"
"North Dakota","Mixed","ARIMA",0.00520833333333333,0.0721687836487032,"Food"
"North Dakota","Mixed","ETS",0.0103596448481309,0.0719841922134634,"Food"
"North Dakota","Potatoes","ARIMA",0.00520833333333333,0.0721687836487032,"Food"
"North Dakota","Potatoes","ETS",0.0103802491300784,0.0719841905508913,"Food"
"South Carolina","Meat","ARIMA",0.185510019492596,0.339429244764083,"Food"
"South Carolina","Meat","ETS",0.186360573899648,0.339326131150745,"Food"
"South Carolina","Pastries","ARIMA",0.0307617187499227,0.124019592706153,"Food"
"South Carolina","Pastries","ETS",0.0303975571302164,0.124261625118176,"Food"
"South Carolina","Fish","ARIMA",0.0608723958331644,0.20171788261497,"Food"
"South Carolina","Fish","ETS",0.0608075158107142,0.201727943087651,"Food"
"South Carolina","Vegetables","ARIMA",0.0104166666666667,0.102062072615966,"Food"
"South Carolina","Vegetables","ETS",0.0205600347785343,0.101534164448773,"Food"
"South Carolina","Dairy","ARIMA",0.0507269965277781,0.159259217202298,"Food"
"South Carolina","Dairy","ETS",0.0506593106331952,0.159267144445105,"Food"
"South Carolina","Seafood","ARIMA",0.0410156249999863,0.175544786941174,"Food"
"South Carolina","Seafood","ETS",0.0408715581891368,0.17555349706662,"Food"
"South Carolina","Pasta","ARIMA",0.0605468749998559,0.173992636338438,"Food"
"South Carolina","Pasta","ETS",0.0604497184977561,0.174001349649303,"Food"
"West Virginia","Meat","ARIMA",0.0351935617991031,0.124220134563064,"Food"
"West Virginia","Meat","ETS",0.0379922491317032,0.124166762649582,"Food"
"West Virginia","Pastries","ARIMA",0.0407986111111023,0.142826137508355,"Food"
"West Virginia","Pastries","ETS",0.0407947711079753,0.142833275845358,"Food"
"West Virginia","Vegetables","ARIMA",0.00520833333333333,0.0721687836487032,"Food"
"West Virginia","Vegetables","ETS",0.0104011658756088,0.0719841818679589,"Food"
"West Virginia","Seafood","ARIMA",0.0103453078481202,0.0719795139543635,"Food"
"West Virginia","Seafood","ETS",0.0104068007755853,0.0719841788203834,"Food"
"West Virginia","Mixed","ARIMA",0.00520833333333333,0.0721687836487032,"Food"
"West Virginia","Mixed","ETS",0.010401168853294,0.0719841810383596,"Food"
"West Virginia","Beverages","ARIMA",0.00520833333333333,0.0721687836487032,"Food"
"West Virginia","Beverages","ETS",0.0103957245670537,0.0719841842053213,"Food"
"Montana","Meat","ARIMA",0.00520833333333333,0.0721687836487032,"Food"
"Montana","Meat","ETS",0.0103205426199995,0.0719841782115444,"Food"
"Montana","Pastries","ARIMA",0.00520833333333333,0.0721687836487032,"Food"
"Montana","Pastries","ETS",0.0104265148047761,0.0719841830547687,"Food"
"Montana","Fish","ARIMA",0.00520833333333333,0.0721687836487032,"Food"
"Montana","Fish","ETS",0.0103197456033658,0.0719841788530735,"Food"
"Montana","Fruits","ARIMA",0.00520833333333333,0.0721687836487032,"Food"
"Montana","Fruits","ETS",0.0103195123894515,0.071984177551967,"Food"
"Missouri","Meat","ARIMA",0.0898437499997954,0.234721965400911,"Food"
"Missouri","Meat","ETS",0.089875008240645,0.234733694287682,"Food"
"Missouri","Pastries","ARIMA",0.0104166666666667,0.102062072615966,"Food"
"Missouri","Pastries","ETS",0.0206350359772471,0.101534178323602,"Food"
"Missouri","Fish","ARIMA",0.0104166666666667,0.102062072615966,"Food"
"Missouri","Fish","ETS",0.0205793753489599,0.101534167945639,"Food"
"Missouri","Vegetables","ARIMA",0.0507269965278264,0.159259217202298,"Food"
"Missouri","Vegetables","ETS",0.050656678896144,0.159267149162941,"Food"
"Missouri","Dairy","ARIMA",0.0307617187498842,0.124019592706153,"Food"
"Missouri","Dairy","ETS",0.0307871404362114,0.124025784199761,"Food"
"Missouri","Fruits","ARIMA",0.00520833333333333,0.0721687836487032,"Food"
"Missouri","Fruits","ETS",0.0103376444138613,0.0719841876742613,"Food"
"Missouri","Mixed","ARIMA",0.00520833333333333,0.0721687836487032,"Food"
"Missouri","Mixed","ETS",0.0103952174071601,0.0719841844502006,"Food"
"Missouri","Pasta","ARIMA",0.00520833333333333,0.0721687836487032,"Food"
"Missouri","Pasta","ETS",0.0103720993075544,0.0719841919099963,"Food"
"Alaska","Meat","ARIMA",0.0605468749998019,0.173992636338438,"Food"
"Alaska","Meat","ETS",0.060505659184654,0.174001337940268,"Food"
"Alaska","Pastries","ARIMA",0.0104166666666667,0.144337567297406,"Food"
"Alaska","Pastries","ETS",0.0207668850213249,0.143968377714458,"Food"
"Alaska","Fish","ARIMA",0.0992838541666549,0.244514470714698,"Food"
"Alaska","Fish","ETS",0.099316430869095,0.244526683635351,"Food"
"Alaska","Dairy","ARIMA",0.032206833573411,0.136258193205,"Food"
"Alaska","Dairy","ETS",0.0405071733036182,0.140375897163447,"Food"
"Alaska","Seafood","ARIMA",0.0702582465279313,0.187427648077569,"Food"
"Alaska","Seafood","ETS",0.0702858520077721,0.187437031747917,"Food"
"Alaska","Mixed","ARIMA",0.00520833333333333,0.0721687836487032,"Food"
"Alaska","Mixed","ETS",0.0103931882495043,0.0719841853920408,"Food"
"Alaska","Potatoes","ARIMA",0.00520833333333333,0.0721687836487032,"Food"
"Alaska","Potatoes","ETS",0.0104006591765605,0.0719841821468617,"Food"
"New Hampshire","Meat","ARIMA",0.0569470703798289,0.162149346804207,"Food"
"New Hampshire","Meat","ETS",0.0595329751077504,0.17408438300456,"Food"
"New Hampshire","Vegetables","ARIMA",0.00520833333333333,0.0721687836487032,"Food"
"New Hampshire","Vegetables","ETS",0.0103195123894515,0.071984177551967,"Food"
"New Hampshire","Dairy","ARIMA",0.0188170002882691,0.116771812681726,"Food"
"New Hampshire","Dairy","ETS",0.0307711315215267,0.124025782022265,"Food"
"New Hampshire","Fruits","ARIMA",0.0307617187499612,0.124019592706153,"Food"
"New Hampshire","Fruits","ETS",0.0303699289424155,0.124026390670761,"Food"
"New Hampshire","Pasta","ARIMA",0.0104166666666667,0.102062072615966,"Food"
"New Hampshire","Pasta","ETS",0.0191899689020982,0.101545258680955,"Food"
"New Hampshire","Potatoes","ARIMA",0.00520833333333333,0.0721687836487032,"Food"
"New Hampshire","Potatoes","ETS",0.0108866523783087,0.0719862085992204,"Food"
"Washington DC","Meat","ARIMA",0.0104166666666667,0.102062072615966,"Food"
"Washington DC","Meat","ETS",0.0206383584474556,0.101534167511543,"Food"
"Washington DC","Pastries","ARIMA",0.050896321040632,0.139488341706045,"Food"
"Washington DC","Pastries","ETS",0.0409200013833418,0.142833217394373,"Food"
"Washington DC","Fish","ARIMA",0.00520833333333333,0.0721687836487032,"Food"
"Washington DC","Fish","ETS",0.0108876741626407,0.0719862086704976,"Food"
"Washington DC","Vegetables","ARIMA",0.00520833333333333,0.0721687836487032,"Food"
"Washington DC","Vegetables","ETS",0.0108871632966134,0.0719862086369365,"Food"
"Washington DC","Dairy","ARIMA",0.00520833333333333,0.0721687836487032,"Food"
"Washington DC","Dairy","ETS",0.0103870852129305,0.0719841885762576,"Food"
"Washington DC","Pasta","ARIMA",0.00520833333333333,0.0721687836487032,"Food"
"Washington DC","Pasta","ETS",0.0103860686638101,0.0719841889044141,"Food"
"Washington DC","Beverages","ARIMA",0.00520833333333333,0.0721687836487032,"Food"
"Washington DC","Beverages","ETS",0.0103812669218959,0.071984190313149,"Food"
"Alabama","Meat","ARIMA",0.0702582465280849,0.187427648077569,"Food"
"Alabama","Meat","ETS",0.0703945252943935,0.187437057415045,"Food"
"Alabama","Pastries","ARIMA",0.00520833333333333,0.0721687836487032,"Food"
"Alabama","Pastries","ETS",0.0103301101820992,0.0719841849103576,"Food"
"Alabama","Vegetables","ARIMA",0.0104166666666667,0.102062072615966,"Food"
"Alabama","Vegetables","ETS",0.0205742859816381,0.101534169121593,"Food"
"Alabama","Pasta","ARIMA",0.00520833333333333,0.0721687836487032,"Food"
"Alabama","Pasta","ETS",0.0103957245670537,0.0719841842053213,"Food"
"Alabama","Salads","ARIMA",0.00520833333333333,0.0721687836487032,"Food"
"Alabama","Salads","ETS",0.0103967387314521,0.07198418370426,"Food"
"Alabama","Beverages","ARIMA",0.00520833333333333,0.0721687836487032,"Food"
"Alabama","Beverages","ETS",0.0103157795038051,0.0719841758183896,"Food"
"South Dakota","Meat","ARIMA",0.0307617187499878,0.124019592706153,"Food"
"South Dakota","Meat","ETS",0.0307742753536551,0.124025790236618,"Food"
"South Dakota","Pastries","ARIMA",0.0104166666666667,0.102062072615966,"Food"
"South Dakota","Pastries","ETS",0.0205910936437081,0.101534176591428,"Food"
"South Dakota","Dairy","ARIMA",0.00520833333333333,0.0721687836487032,"Food"
"South Dakota","Dairy","ETS",0.0103832032778034,0.0719841896297075,"Food"
"South Dakota","Salads","ARIMA",0.00520833333333333,0.0721687836487032,"Food"
"South Dakota","Salads","ETS",0.0103807580519727,0.0719841904339049,"Food"
"Vermont","Meat","ARIMA",0.0538847015376332,0.15471072384266,"Food"
"Vermont","Meat","ETS",0.0507947836348805,0.159267145930217,"Food"
"Vermont","Dairy","ARIMA",0.0507269965278748,0.159259217202298,"Food"
"Vermont","Dairy","ETS",0.0506973959464294,0.159267166960506,"Food"
"Vermont","Fruits","ARIMA",0.00520833333333333,0.0721687836487032,"Food"
"Vermont","Fruits","ETS",0.010101793298787,0.0719847667836652,"Food"
"Vermont","Salads","ARIMA",0.00520833333333333,0.0721687836487032,"Food"
"Vermont","Salads","ETS",0.0103305730160421,0.0719841835059311,"Food"
"Vermont","Potatoes","ARIMA",0.00520833333333333,0.0721687836487032,"Food"
"Vermont","Potatoes","ETS",0.0103952174071601,0.0719841844502006,"Food"
"Kansas","Meat","ARIMA",0.1171875,0.242061459137964,"Food"
"Kansas","Meat","ETS",0.117083307756302,0.242073523072914,"Food"
"Kansas","Pastries","ARIMA",0.135199652777756,0.259999666132264,"Food"
"Kansas","Pastries","ETS",0.135160203422111,0.260012629345085,"Food"
"Kansas","Vegetables","ARIMA",0.0104166666666667,0.102062072615966,"Food"
"Kansas","Vegetables","ETS",0.0205916194561837,0.101534176463534,"Food"
"Kansas","Dairy","ARIMA",0.0104166666666667,0.102062072615966,"Food"
"Kansas","Dairy","ETS",0.0206036936159521,0.101534179217621,"Food"
"Kansas","Mixed","ARIMA",0.00520833333333333,0.0721687836487032,"Food"
"Kansas","Mixed","ETS",0.0108835857703716,0.0719862082856698,"Food"
"Kansas","Pasta","ARIMA",0.0104166666666667,0.102062072615966,"Food"
"Kansas","Pasta","ETS",0.0206004798063167,0.101534176262411,"Food"
"Kansas","Salads","ARIMA",0.0104166666666667,0.102062072615966,"Food"
"Kansas","Salads","ETS",0.0205625908272909,0.101534148814279,"Food"
"Kansas","Potatoes","ARIMA",0.0104166666666667,0.102062072615966,"Food"
"Kansas","Potatoes","ETS",0.0205819671712833,0.101534176410644,"Food"
"Rhode Island","Meat","ARIMA",0.0605468749999083,0.173992636338438,"Food"
"Rhode Island","Meat","ETS",0.060431783731244,0.174001280945324,"Food"
"Rhode Island","Pastries","ARIMA",0.00520833333333333,0.0721687836487032,"Food"
"Rhode Island","Pastries","ETS",0.0103205426199995,0.0719841782115444,"Food"
"Rhode Island","Fish","ARIMA",0.0307617187499805,0.124019592706153,"Food"
"Rhode Island","Fish","ETS",0.0307016207971022,0.124025768342091,"Food"
"Rhode Island","Vegetables","ARIMA",0.00520833333333333,0.0721687836487032,"Food"
"Rhode Island","Vegetables","ETS",0.0103606663884648,0.0719841922474443,"Food"
"Rhode Island","Fruits","ARIMA",0.00520833333333333,0.0721687836487032,"Food"
"Rhode Island","Fruits","ETS",0.0108881849763958,0.0719862086999039,"Food"
"Wyoming","Meat","ARIMA",0.0407986111111109,0.142826137508355,"Food"
"Wyoming","Meat","ETS",0.0408214824940947,0.142833269926458,"Food"
"Wyoming","Pastries","ARIMA",0.00520833333333333,0.0721687836487032,"Food"
"Wyoming","Pastries","ETS",0.0103855603113793,0.0719841890628384,"Food"
"Wyoming","Vegetables","ARIMA",0.00520833333333333,0.0721687836487032,"Food"
"Wyoming","Vegetables","ETS",0.0103402093836911,0.0719841885599507,"Food"
"Wyoming","Dairy","ARIMA",0.00520833333333333,0.0721687836487032,"Food"
"Wyoming","Dairy","ETS",0.0103834808720697,0.0719841891967145,"Food"
"Wyoming","Seafood","ARIMA",0.00520833333333333,0.0721687836487032,"Food"
"Wyoming","Seafood","ETS",0.0103195123894515,0.071984177551967,"Food"
"Wyoming","Mixed","ARIMA",0.0104166666666667,0.102062072615966,"Food"
"Wyoming","Mixed","ETS",0.0205753187511987,0.101534165961925,"Food"
"Wyoming","Eggs","ARIMA",0.00520833333333333,0.0721687836487032,"Food"
"Wyoming","Eggs","ETS",0.0103680194000639,0.0719841922276519,"Food"
"Delaware","Dairy","ARIMA",0.00520833333333333,0.0721687836487032,"Food"
"Delaware","Dairy","ETS",0.0103865769643254,0.0719841887422205,"Food"
"Delaware","Pasta","ARIMA",0.00520833333333333,0.0721687836487032,"Food"
"Delaware","Pasta","ETS",0.0103812669218959,0.071984190313149,"Food"
"Republic of Palau","Meat","ARIMA",0.00520833333333333,0.0721687836487032,"Food"
"Republic of Palau","Meat","ETS",0.010366488575271,0.0719841922845702,"Food"
"Puerto Rico","Meat","ARIMA",0.0579237793057512,0.194682012833094,"Food"
"Puerto Rico","Meat","ETS",0.0532770423070537,0.21193788992651,"Food"
"Puerto Rico","Pastries","ARIMA",0.00520833333333333,0.0721687836487032,"Food"
"Puerto Rico","Pastries","ETS",0.010322790597211,0.0719841809817416,"Food"
"Puerto Rico","Fish","ARIMA",0.105842258977979,0.315555156032936,"Food"
"Puerto Rico","Fish","ETS",0.132209215312458,0.338020019712183,"Food"
"Puerto Rico","Potatoes","ARIMA",0.00520833333333333,0.0721687836487032,"Food"
"Puerto Rico","Potatoes","ETS",0.0103184819485622,0.0719841768773049,"Food"
